римская империя,История,повышенный
бостонское чаепитие,История,повышенный
берлинская стена,История,обычный
крестовый поход,История,обычный
реформация,История,повышенный
великая депрессия,История,повышенный
константинополь,История,повышенный
индустриальная революция,История,повышенный
открытие америки,История,повышенный
троя,История,повышенный
мачупикчу,История,повышенный
афины,История,повышенный
петра,История,повышенный
ангкор ват,История,повышенный
стоунхендж,История,обычный
тадж махал,История,повышенный
великая китайская стена,История,обычный
пирамида,История,обычный
маяк,История,обычный
храм артемиды,История,повышенный
акрополь,История,повышенный
мавзолей,История,повышенный
фараон,История,повышенный
император,История,повышенный
шахиншах,История,повышенный
султан,История,обычный
кайзер,История,повышенный
халиф,История,повышенный
махараджа,История,повышенный
далай лама,История,обычный
папа римский,История,обычный
маска тутанхамона,История,повышенный
ковчег,История,обычный
манускрипт,История,повышенный
крещение руси,История,обычный
монголо татарское иго,История,повышенный
опричнина,История,повышенный
смута,История,повышенный
революция,История,повышенный
гражданская война,История,повышенный
новая экономическая политика,История,повышенный
пятилетка,История,обычный
репрессии,История,повышенный
олимпиада,История,обычный
денежная реформа,История,повышенный
без труда не выловишь и рыбку из пруда,"Фразеологизмы, пословицы и поговорки",обычный
век живи век учись,"Фразеологизмы, пословицы и поговорки",обычный
волков бояться в лес не ходить,"Фразеологизмы, пословицы и поговорки",обычный
семь раз отмерь один раз отрежь,"Фразеологизмы, пословицы и поговорки",обычный
молчание золото,"Фразеологизмы, пословицы и поговорки",обычный
молчание знак согласия,"Фразеологизмы, пословицы и поговорки",обычный
яблоко от яблони недалеко падает,"Фразеологизмы, пословицы и поговорки",обычный
старый друг лучше новых двух,"Фразеологизмы, пословицы и поговорки",обычный
нет худа без добра,"Фразеологизмы, пословицы и поговорки",обычный
делу время потехе час,"Фразеологизмы, пословицы и поговорки",обычный
дареному коню в зубы не смотрят,"Фразеологизмы, пословицы и поговорки",обычный
не имей сто рублей а имей сто друзей,"Фразеологизмы, пословицы и поговорки",обычный
дорога ложка к обеду,"Фразеологизмы, пословицы и поговорки",обычный
на безрыбье и рак рыба,"Фразеологизмы, пословицы и поговорки",обычный
с милым рай и в шалаше,"Фразеологизмы, пословицы и поговорки",обычный
с волками жить по волчьи выть,"Фразеологизмы, пословицы и поговорки",обычный
в тесноте да не в обиде,"Фразеологизмы, пословицы и поговорки",обычный
своя ноша не тянет,"Фразеологизмы, пословицы и поговорки",повышенный
на бога надейся а сам не плошай,"Фразеологизмы, пословицы и поговорки",повышенный
как в воду глядел,"Фразеологизмы, пословицы и поговорки",повышенный
как по маслу,"Фразеологизмы, пословицы и поговорки",обычный
как сыр в масле,"Фразеологизмы, пословицы и поговорки",обычный
кот наплакал,"Фразеологизмы, пословицы и поговорки",обычный
ни рыба ни мясо,"Фразеологизмы, пословицы и поговорки",обычный
из огня да в полымя,"Фразеологизмы, пословицы и поговорки",повышенный
с корабля на бал,"Фразеологизмы, пословицы и поговорки",повышенный
последняя капля,"Фразеологизмы, пословицы и поговорки",обычный
семь пятниц на неделе,"Фразеологизмы, пословицы и поговорки",повышенный
семь пядей во лбу,"Фразеологизмы, пословицы и поговорки",обычный
пальцем не пошевелил,"Фразеологизмы, пословицы и поговорки",обычный
держать язык за зубами,"Фразеологизмы, пословицы и поговорки",обычный
снимать сливки,"Фразеологизмы, пословицы и поговорки",повышенный
бить баклуши,"Фразеологизмы, пословицы и поговорки",повышенный
спустя рукава,"Фразеологизмы, пословицы и поговорки",обычный
витать в облаках,"Фразеологизмы, пословицы и поговорки",обычный
ни свет ни заря,"Фразеологизмы, пословицы и поговорки",повышенный
без царя в голове,"Фразеологизмы, пословицы и поговорки",повышенный
делить шкуру неубитого медведя,"Фразеологизмы, пословицы и поговорки",повышенный
девятый вал,"Фразеологизмы, пословицы и поговорки",повышенный
пустить пыль в глаза,"Фразеологизмы, пословицы и поговорки",обычный
рвать и метать,"Фразеологизмы, пословицы и поговорки",повышенный
зарубить на носу,"Фразеологизмы, пословицы и поговорки",обычный
скрепя сердце,"Фразеологизмы, пословицы и поговорки",повышенный
как пить дать,"Фразеологизмы, пословицы и поговорки",повышенный
как ни в чем не бывало,"Фразеологизмы, пословицы и поговорки",повышенный
ни пуха ни пера,"Фразеологизмы, пословицы и поговорки",обычный
к черту,"Фразеологизмы, пословицы и поговорки",обычный
без задних ног,"Фразеологизмы, пословицы и поговорки",обычный
от всей души,"Фразеологизмы, пословицы и поговорки",обычный
задирать нос,"Фразеологизмы, пословицы и поговорки",обычный
сгущать краски,"Фразеологизмы, пословицы и поговорки",повышенный
раскинуть мозгами,"Фразеологизмы, пословицы и поговорки",повышенный
держать в узде,"Фразеологизмы, пословицы и поговорки",повышенный
ни кола ни двора,"Фразеологизмы, пословицы и поговорки",повышенный
ни души,"Фразеологизмы, пословицы и поговорки",обычный
семь бед один ответ,"Фразеологизмы, пословицы и поговорки",повышенный
семеро одного не ждут,"Фразеологизмы, пословицы и поговорки",обычный
черным по белому,"Фразеологизмы, пословицы и поговорки",обычный
как корова языком слизала,"Фразеологизмы, пословицы и поговорки",обычный
взять себя в руки,"Фразеологизмы, пословицы и поговорки",обычный
ни много ни мало,"Фразеологизмы, пословицы и поговорки",повышенный
на короткой ноге,"Фразеологизмы, пословицы и поговорки",повышенный
выйти сухим из воды,"Фразеологизмы, пословицы и поговорки",обычный
последний шанс,"Фразеологизмы, пословицы и поговорки",обычный
куликовская битва,История,повышенный
ополчение,История,обычный
отмена крепостного права,История,повышенный
индустриализация,История,повышенный
коллективизация,История,повышенный
битва за москву,История,повышенный
сталинград,История,повышенный
блокада,История,повышенный
японская кампания,История,повышенный
спутник,История,обычный
космос,История,обычный
карибский кризис,История,повышенный
перестройка,История,повышенный
распад ссср,История,повышенный
космическая гонка,История,обычный
дефолт,История,повышенный
афганистан,История,повышенный
приватизация,История,повышенный
гражданин,Общество и бюрократия,повышенный
общество,Общество и бюрократия,повышенный
общественное мнение,Общество и бюрократия,повышенный
мобильность,Общество и бюрократия,повышенный
социальные нормы,Общество и бюрократия,повышенный
институт,Общество и бюрократия,повышенный
роль,Общество и бюрократия,повышенный
социальные группы,Общество и бюрократия,повышенный
капитал,Общество и бюрократия,повышенный
идентичность,Общество и бюрократия,повышенный
интеграция,Общество и бюрократия,повышенный
адаптация,Общество и бюрократия,повышенный
политика,Общество и бюрократия,повышенный
защита,Общество и бюрократия,обычный
поддержка,Общество и бюрократия,повышенный
благосостояние,Общество и бюрократия,повышенный
демография,Общество и бюрократия,повышенный
урбанизация,Общество и бюрократия,повышенный
миграция,Общество и бюрократия,повышенный
гендерные роли,Общество и бюрократия,повышенный
неравенство,Общество и бюрократия,обычный
равенство,Общество и бюрократия,обычный
дискриминация,Общество и бюрократия,повышенный
инклюзивность,Общество и бюрократия,повышенный
активность,Общество и бюрократия,повышенный
волонтерство,Общество и бюрократия,повышенный
сознание,Общество и бюрократия,повышенный
культура,Общество и бюрократия,повышенный
право,Общество и бюрократия,обычный
арка,Архитектура и городская среда,обычный
портал,Архитектура и городская среда,повышенный
колонна,Архитектура и городская среда,обычный
капитель,Архитектура и городская среда,повышенный
фронтон,Архитектура и городская среда,повышенный
карниз,Архитектура и городская среда,обычный
пилястра,Архитектура и городская среда,повышенный
балюстрада,Архитектура и городская среда,повышенный
аркада,Архитектура и городская среда,повышенный
галерея,Архитектура и городская среда,повышенный
вестибюль,Архитектура и городская среда,повышенный
веранда,Архитектура и городская среда,повышенный
балкон,Архитектура и городская среда,повышенный
двор,Архитектура и городская среда,обычный
сквер,Архитектура и городская среда,повышенный
бульвар,Архитектура и городская среда,повышенный
набережная,Архитектура и городская среда,повышенный
аллея,Архитектура и городская среда,повышенный
тротуар,Архитектура и городская среда,обычный
бордюр,Архитектура и городская среда,обычный
газон,Архитектура и городская среда,обычный
клумба,Архитектура и городская среда,обычный
фонтан,Архитектура и городская среда,обычный
памятник,Архитектура и городская среда,обычный
обелиск,Архитектура и городская среда,повышенный
ротонда,Архитектура и городская среда,повышенный
павильон,Архитектура и городская среда,повышенный
навес,Архитектура и городская среда,обычный
крыша,Архитектура и городская среда,обычный
кровля,Архитектура и городская среда,обычный
купол,Архитектура и городская среда,обычный
шпиль,Архитектура и городская среда,обычный
башня,Архитектура и городская среда,обычный
колокольня,Архитектура и городская среда,обычный
минарет,Архитектура и городская среда,повышенный
апсида,Архитектура и городская среда,повышенный
собор,Архитектура и городская среда,повышенный
храм,Архитектура и городская среда,обычный
мечеть,Архитектура и городская среда,повышенный
синагога,Архитектура и городская среда,повышенный
пагода,Архитектура и городская среда,повышенный
классицизм,Архитектура и городская среда,повышенный
барокко,Архитектура и городская среда,повышенный
рококо,Архитектура и городская среда,повышенный
модерн,Архитектура и городская среда,повышенный
конструктивизм,Архитектура и городская среда,повышенный
авангард,Архитектура и городская среда,повышенный
ампир,Архитектура и городская среда,повышенный
готика,Архитектура и городская среда,повышенный
ренессанс,Архитектура и городская среда,повышенный
эклектика,Архитектура и городская среда,повышенный
хай-тек,Архитектура и городская среда,повышенный
минимализм,Архитектура и городская среда,повышенный
брутализм,Архитектура и городская среда,повышенный
лофт,Архитектура и городская среда,повышенный
усадьба,Архитектура и городская среда,повышенный
дворец,Архитектура и городская среда,обычный
замок,Архитектура и городская среда,обычный
крепость,Архитектура и городская среда,обычный
кремль,Архитектура и городская среда,повышенный
форт,Архитектура и городская среда,повышенный
подъезд,Архитектура и городская среда,обычный
подвал,Архитектура и городская среда,обычный
чердак,Архитектура и городская среда,обычный
лестница,Архитектура и городская среда,обычный
лифт,Архитектура и городская среда,обычный
эскалатор,Архитектура и городская среда,обычный
тоннель,Архитектура и городская среда,обычный
виадук,Архитектура и городская среда,повышенный
путепровод,Архитектура и городская среда,повышенный
эстакада,Архитектура и городская среда,повышенный
развязка,Архитектура и городская среда,повышенный
магистраль,Архитектура и городская среда,повышенный
перекресток,Архитектура и городская среда,обычный
пешеходный переход,Архитектура и городская среда,обычный
светофор,Архитектура и городская среда,обычный
остановка,Архитектура и городская среда,обычный
железнодорожная платформа,Архитектура и городская среда,обычный
вокзал,Архитектура и городская среда,обычный
депо,Архитектура и городская среда,повышенный
автовокзал,Архитектура и городская среда,обычный
аэропорт,Архитектура и городская среда,обычный
порт,Архитектура и городская среда,обычный
пристань,Архитектура и городская среда,повышенный
гавань,Архитектура и городская среда,повышенный
склад,Архитектура и городская среда,обычный
мануфактура,Архитектура и городская среда,повышенный
завод,Архитектура и городская среда,обычный
фабрика,Архитектура и городская среда,обычный
офис,Архитектура и городская среда,обычный
бизнес-центр,Архитектура и городская среда,повышенный
торговый центр,Архитектура и городская среда,обычный
рынок,Архитектура и городская среда,обычный
пассаж,Архитектура и городская среда,повышенный
ярмарка,Архитектура и городская среда,повышенный
парковка,Архитектура и городская среда,обычный
скейтпарк,Архитектура и городская среда,повышенный
детская площадка,Архитектура и городская среда,обычный
спортивная площадка,Архитектура и городская среда,обычный
велодорожка,Архитектура и городская среда,обычный
пешеходная зона,Архитектура и городская среда,обычный
зона отдыха,Архитектура и городская среда,повышенный
лавочка,Архитектура и городская среда,обычный
урна,Архитектура и городская среда,обычный
уличный фонарь,Архитектура и городская среда,обычный
адрес,Архитектура и городская среда,повышенный
ворота,Архитектура и городская среда,обычный
калитка,Архитектура и городская среда,обычный
забор,Архитектура и городская среда,обычный
ограда,Архитектура и городская среда,обычный
шлагбаум,Архитектура и городская среда,обычный
протокол заседания,Общество и бюрократия,повышенный
постановление,Общество и бюрократия,повышенный
приказ,Общество и бюрократия,обычный
распоряжение,Общество и бюрократия,повышенный
регламент,Общество и бюрократия,повышенный
повестка дня,Общество и бюрократия,повышенный
заседание,Общество и бюрократия,обычный
комиссия,Общество и бюрократия,повышенный
комитет,Общество и бюрократия,повышенный
департамент,Общество и бюрократия,повышенный
ведомство,Общество и бюрократия,повышенный
министерство,Общество и бюрократия,повышенный
правительство,Общество и бюрократия,повышенный
парламент,Общество и бюрократия,повышенный
администрация,Общество и бюрократия,повышенный
канцелярия,Общество и бюрократия,повышенный
секретариат,Общество и бюрократия,повышенный
делопроизводство,Общество и бюрократия,повышенный
архив,Общество и бюрократия,повышенный
документооборот,Общество и бюрократия,повышенный
бланк,Общество и бюрократия,обычный
форма,Общество и бюрократия,обычный
анкета,Общество и бюрократия,обычный
заявление,Общество и бюрократия,обычный
ходатайство,Общество и бюрократия,повышенный
петиция,Общество и бюрократия,повышенный
жалоба,Общество и бюрократия,обычный
обращение,Общество и бюрократия,повышенный
ответ,Общество и бюрократия,повышенный
отказ,Общество и бюрократия,обычный
согласование,Общество и бюрократия,повышенный
визирование,Общество и бюрократия,повышенный
подпись,Общество и бюрократия,обычный
печать,Общество и бюрократия,обычный
штамп,Общество и бюрократия,обычный
исправление,Общество и бюрократия,обычный
копия,Общество и бюрократия,повышенный
оригинал,Общество и бюрократия,повышенный
заверение,Общество и бюрократия,повышенный
нотариус,Общество и бюрократия,обычный
доверенность,Общество и бюрократия,повышенный
удостоверение,Общество и бюрократия,обычный
свидетельство,Общество и бюрократия,обычный
сертификат,Общество и бюрократия,повышенный
лицензия,Общество и бюрократия,повышенный
разрешение,Общество и бюрократия,обычный
регистрация,Общество и бюрократия,повышенный
прописка,Общество и бюрократия,повышенный
приглашение,Общество и бюрократия,обычный
повестка,Общество и бюрократия,обычный
квитанция,Общество и бюрократия,повышенный
чек,Общество и бюрократия,обычный
пошлина,Общество и бюрократия,повышенный
оплата,Общество и бюрократия,обычный
безналичный расчет,Общество и бюрократия,повышенный
касса,Общество и бюрократия,обычный
терминал,Общество и бюрократия,обычный
заявитель,Общество и бюрократия,повышенный
получатель,Общество и бюрократия,повышенный
инспектор,Общество и бюрократия,повышенный
приемная,Общество и бюрократия,повышенный
окно обслуживания,Общество и бюрократия,повышенный
талон,Общество и бюрократия,обычный
электронная очередь,Общество и бюрократия,повышенный
расписка,Общество и бюрократия,повышенный
штрафстоянка,Общество и бюрократия,повышенный
протокол осмотра,Общество и бюрократия,повышенный
акт,Общество и бюрократия,повышенный
договор,Общество и бюрократия,обычный
соглашение,Общество и бюрократия,обычный
оферта,Общество и бюрократия,повышенный
конституция,Общество и бюрократия,повышенный
кодекс,Общество и бюрократия,повышенный
устав,Общество и бюрократия,обычный
положение,Общество и бюрократия,повышенный
инструкция,Общество и бюрократия,обычный
методичка,Общество и бюрократия,повышенный
заявка,Общество и бюрократия,повышенный
реестр,Общество и бюрократия,повышенный
журнал регистрации,Общество и бюрократия,повышенный
отдел кадров,Общество и бюрократия,повышенный
личное дело,Общество и бюрократия,повышенный
штатное расписание,Общество и бюрократия,повышенный
командировка,Общество и бюрократия,обычный
служебная записка,Общество и бюрократия,повышенный
объяснительная,Общество и бюрократия,повышенный
повышение квалификации,Общество и бюрократия,повышенный
аттестация,Общество и бюрократия,повышенный
социальная служба,Общество и бюрократия,повышенный
полис,Общество и бюрократия,повышенный
виза,Общество и бюрократия,обычный
консульство,Общество и бюрократия,повышенный
посольство,Общество и бюрократия,обычный
собака,Флора и фауна,обычный
кот,Флора и фауна,обычный
лошадь,Флора и фауна,обычный
корова,Флора и фауна,обычный
овца,Флора и фауна,обычный
медведь,Флора и фауна,обычный
волк серый,Флора и фауна,обычный
лиса,Флора и фауна,обычный
заяц,Флора и фауна,обычный
орёл,Флора и фауна,повышенный
воробей домовый,Флора и фауна,обычный
дуб,Флора и фауна,обычный
берёза,Флора и фауна,обычный
роза,Флора и фауна,обычный
ландыш,Флора и фауна,повышенный
пушкин,Знаменитости,обычный
толстой,Знаменитости,обычный
гагарин,Знаменитости,обычный
достоевский,Знаменитости,повышенный
цой,Знаменитости,обычный
пугачёва,Знаменитости,повышенный
мандела,Знаменитости,повышенный
шварценеггер,Знаменитости,повышенный
мадонна,Знаменитости,обычный
дагестанец,Знаменитости,повышенный
дождь,Природные явления,обычный
снег,Природные явления,обычный
ветер,Природные явления,обычный
гроза,Природные явления,обычный
туман,Природные явления,обычный
радуга,Природные явления,обычный
землетрясение,Природные явления,повышенный
наводнение,Природные явления,повышенный
извержение,Природные явления,повышенный
засуха,Природные явления,повышенный
город,География,обычный
деревня,География,обычный
страна,География,обычный
река,География,обычный
озеро,География,обычный
море,География,обычный
океан,География,обычный
гора,География,обычный
остров,География,обычный
пустыня,География,повышенный
компьютер,Техника,обычный
телефон,Техника,обычный
телевизор,Техника,обычный
радио,Техника,обычный
фотоаппарат,Техника,обычный
ноутбук,Техника,обычный
планшет,Техника,обычный
пылесос,Техника,обычный
холодильник,Техника,обычный
принтер,Техника,повышенный
стол,Вещи и предметы быта,обычный
стул,Вещи и предметы быта,обычный
кровать,Вещи и предметы быта,обычный
диван,Вещи и предметы быта,обычный
шкаф,Вещи и предметы быта,обычный
лампа,Вещи и предметы быта,обычный
нож,Вещи и предметы быта,обычный
ложка,Вещи и предметы быта,обычный
вилка,Вещи и предметы быта,обычный
ножницы,Вещи и предметы быта,обычный
штаны,Вещи и предметы быта,обычный
хлеб,Продукты питания и кулинария,обычный
молоко,Продукты питания и кулинария,обычный
сыр,Продукты питания и кулинария,обычный
масло,Продукты питания и кулинария,обычный
яйцо,Продукты питания и кулинария,обычный
суп,Продукты питания и кулинария,обычный
борщ домашний,Продукты питания и кулинария,обычный
салат,Продукты питания и кулинария,обычный
пельмени,Продукты питания и кулинария,обычный
каша,Продукты питания и кулинария,обычный
вода,Материалы и вещества,обычный
воздух,Материалы и вещества,обычный
железо,Материалы и вещества,обычный
сталь,Материалы и вещества,повышенный
песок,Материалы и вещества,обычный
глина,Материалы и вещества,обычный
нефть,Материалы и вещества,обычный
газ,Материалы и вещества,обычный
бензин,Материалы и вещества,обычный
пластик,Материалы и вещества,обычный
стекло,Материалы и вещества,обычный
бетон,Материалы и вещества,обычный
медь,Материалы и вещества,повышенный
алюминий,Материалы и вещества,повышенный
кино,Развлечения и хобби,обычный
театр,Развлечения и хобби,обычный
музыка,Развлечения и хобби,обычный
чтение,Развлечения и хобби,обычный
скетч,Развлечения и хобби,обычный
фотография,Развлечения и хобби,обычный
путешествие,Развлечения и хобби,обычный
игра,Развлечения и хобби,обычный
рыбалка,Развлечения и хобби,обычный
охота,Развлечения и хобби,повышенный
футбол,Спорт и фитнес,обычный
хоккей,Спорт и фитнес,обычный
баскетбол,Спорт и фитнес,обычный
теннис,Спорт и фитнес,обычный
бег,Спорт и фитнес,обычный
плавание,Спорт и фитнес,обычный
йога,Спорт и фитнес,обычный
гимнастика,Спорт и фитнес,обычный
тренажёр,Спорт и фитнес,повышенный
велосипед,Спорт и фитнес,обычный
врач,Профессии и должности,обычный
учитель,Профессии и должности,обычный
инженер,Профессии и должности,обычный
программист,Профессии и должности,обычный
дизайнер,Профессии и должности,обычный
продюсер,Профессии и должности,обычный
менеджер,Профессии и должности,обычный
директор,Профессии и должности,обычный
продавец,Профессии и должности,обычный
водитель,Профессии и должности,обычный
повар,Профессии и должности,обычный
паспорт,Общество и бюрократия,обычный
налог,Общество и бюрократия,обычный
закон,Общество и бюрократия,обычный
суд,Общество и бюрократия,обычный
министр,Общество и бюрократия,обычный
депутат,Общество и бюрократия,обычный
очередь,Общество и бюрократия,обычный
справка,Общество и бюрократия,обычный
штраф,Общество и бюрократия,обычный
митинг,Общество и бюрократия,повышенный
больница,Здоровье и медицина,обычный
поликлиника,Здоровье и медицина,обычный
таблетка,Здоровье и медицина,обычный
укол,Здоровье и медицина,обычный
антибиотик,Здоровье и медицина,обычный
температура,Здоровье и медицина,обычный
диагноз,Здоровье и медицина,обычный
лечение,Здоровье и медицина,обычный
хирург,Здоровье и медицина,обычный
стоматолог,Здоровье и медицина,обычный
свадьба,"Праздники, обычаи и традиции",обычный
день рождения,"Праздники, обычаи и традиции",обычный
новый год,"Праздники, обычаи и традиции",обычный
рождество,"Праздники, обычаи и традиции",обычный
масленица,"Праздники, обычаи и традиции",повышенный
юбилей,"Праздники, обычаи и традиции",обычный
тост,"Праздники, обычаи и традиции",обычный
салют,"Праздники, обычаи и традиции",обычный
карнавал,"Праздники, обычаи и традиции",обычный
ёлка,"Праздники, обычаи и традиции",обычный
сайт,Цифровые продукты,обычный
приложение,Цифровые продукты,обычный
сервис,Цифровые продукты,обычный
платформа,Цифровые продукты,обычный
аккаунт,Цифровые продукты,обычный
пароль,Цифровые продукты,обычный
база данных,Цифровые продукты,повышенный
облако,Цифровые продукты,обычный
канал,Цифровые продукты,обычный
подписка,Цифровые продукты,обычный
триллер,Фильмы и сериалы,обычный
комедия,Фильмы и сериалы,обычный
драма,Фильмы и сериалы,обычный
сериал,Фильмы и сериалы,обычный
эпизод,Фильмы и сериалы,обычный
сцена,Фильмы и сериалы,обычный
прокат,Фильмы и сериалы,повышенный
премьера,Фильмы и сериалы,обычный
кинотеатр,Фильмы и сериалы,обычный
саундтрек,Фильмы и сериалы,повышенный
роман,Книги и литература,обычный
повесть,Книги и литература,обычный
рассказ,Книги и литература,обычный
стихотворение,Книги и литература,обычный
поэма,Книги и литература,повышенный
глава,Книги и литература,обычный
том,Книги и литература,обычный
издательство,Книги и литература,обычный
словарь,Книги и литература,обычный
рукопись,Книги и литература,повышенный
сердце не на месте,"Фразеологизмы, пословицы и поговорки",обычный
держать язык за зубами,"Фразеологизмы, пословицы и поговорки",обычный
бить баклуши,"Фразеологизмы, пословицы и поговорки",обычный
спустя рукава,"Фразеологизмы, пословицы и поговорки",обычный
витать в облаках,"Фразеологизмы, пословицы и поговорки",обычный
как снег на голову,"Фразеологизмы, пословицы и поговорки",обычный
кот наплакал,"Фразеологизмы, пословицы и поговорки",обычный
пальцем не пошевелить,"Фразеологизмы, пословицы и поговорки",обычный
из огня да в полымя,"Фразеологизмы, пословицы и поговорки",обычный
ни рыба ни мясо,"Фразеологизмы, пословицы и поговорки",обычный
империя,История,обычный
революция,История,обычный
князь,История,обычный
царство,История,обычный
война,История,обычный
мир,История,обычный
трактат,История,повышенный
хроника,История,повышенный
летопись,История,повышенный
археология,История,повышенный
улица,Архитектура и городская среда,обычный
площадь,Архитектура и городская среда,обычный
мост,Архитектура и городская среда,обычный
проспект,Архитектура и городская среда,обычный
переулок,Архитектура и городская среда,обычный
небоскрёб,Архитектура и городская среда,обычный
стадион,Архитектура и городская среда,обычный
ратуша,Архитектура и городская среда,повышенный
здание,Архитектура и городская среда,обычный
фасад,Архитектура и городская среда,повышенный
Apple,Бренды и торговые марки,обычный
Samsung,Бренды и торговые марки,обычный
Nike,Бренды и торговые марки,обычный
Adidas,Бренды и торговые марки,обычный
Google,Бренды и торговые марки,обычный
Microsoft,Бренды и торговые марки,обычный
Coca-Cola,Бренды и торговые марки,обычный
Pepsi,Бренды и торговые марки,обычный
Toyota,Бренды и торговые марки,обычный
BMW,Бренды и торговые марки,обычный
песня,Музыка,обычный
мелодия,Музыка,обычный
ритм,Музыка,обычный
альбом,Музыка,обычный
концерт,Музыка,обычный
композитор,Музыка,обычный
электрогитара,Музыка,обычный
барабан,Музыка,обычный
хор,Музыка,обычный
нота,Музыка,обычный
радость от успеха,Эмоции и черты характера,обычный
грусть,Эмоции и черты характера,обычный
страх,Эмоции и черты характера,обычный
гнев,Эмоции и черты характера,обычный
удивление,Эмоции и черты характера,обычный
внутреннее спокойствие,Эмоции и черты характера,обычный
доброта,Эмоции и черты характера,обычный
жадность,Эмоции и черты характера,обычный
смелость,Эмоции и черты характера,обычный
честность,Эмоции и черты характера,обычный
наука,Наука и технологии,обычный
технология,Наука и технологии,обычный
исследование,Наука и технологии,обычный
эксперимент,Наука и технологии,обычный
гипотеза,Наука и технологии,повышенный
теория,Наука и технологии,обычный
алгоритм,Наука и технологии,обычный
робот,Наука и технологии,обычный
микроскоп,Наука и технологии,обычный
спутник,Наука и технологии,обычный
квант,Наука и технологии,повышенный
квантовая механика,Наука и технологии,повышенный
квантовый компьютер,Наука и технологии,повышенный
сверхпроводимость,Наука и технологии,повышенный
нанотехнологии,Наука и технологии,повышенный
полупроводник,Наука и технологии,обычный
кремний,Наука и технологии,обычный
микросхема,Наука и технологии,обычный
процессор,Наука и технологии,обычный
графический процессор,Наука и технологии,обычный
оперативная память,Наука и технологии,обычный
накопитель,Наука и технологии,обычный
датчик,Наука и технологии,обычный
лазер,Наука и технологии,обычный
телескоп,Наука и технологии,обычный
спектроскопия,Наука и технологии,повышенный
астрофизика,Наука и технологии,повышенный
космология,Наука и технологии,повышенный
орбитальная механика,Наука и технологии,повышенный
коллайдер,Наука и технологии,повышенный
ускоритель частиц,Наука и технологии,повышенный
биоинформатика,Наука и технологии,повышенный
геном,Наука и технологии,обычный
генетика,Наука и технологии,обычный
днк,Наука и технологии,обычный
секвенирование,Наука и технологии,повышенный
клетка,Наука и технологии,обычный
биомедицина,Наука и технологии,повышенный
нейросеть,Наука и технологии,обычный
нейронная сеть,Наука и технологии,повышенный
искусственный интеллект,Наука и технологии,обычный
машинное обучение,Наука и технологии,обычный
глубокое обучение,Наука и технологии,повышенный
обработка изображений,Наука и технологии,обычный
распознавание речи,Наука и технологии,обычный
компьютерное зрение,Наука и технологии,повышенный
облачные вычисления,Наука и технологии,обычный
интернет вещей,Наука и технологии,обычный
кибербезопасность,Наука и технологии,обычный
криптография,Наука и технологии,обычный
шифрование,Наука и технологии,обычный
блокчейн,Наука и технологии,обычный
распределенная система,Наука и технологии,повышенный
протокол,Наука и технологии,обычный
сервер,Наука и технологии,обычный
клиент,Наука и технологии,обычный
база знаний,Наука и технологии,обычный
компилятор,Наука и технологии,повышенный
интерпретатор,Наука и технологии,повышенный
виртуальная машина,Наука и технологии,обычный
операционная система,Наука и технологии,обычный
файловая система,Наука и технологии,обычный
нейроморфные вычисления,Наука и технологии,повышенный
квантовая связность,Наука и технологии,повышенный
метаматериалы,Наука и технологии,повышенный
материаловедение,Наука и технологии,обычный
трехмерная печать,Наука и технологии,обычный
робототехника,Наука и технологии,обычный
дрон,Наука и технологии,обычный
экзоскелет,Наука и технологии,повышенный
биометрия,Наука и технологии,обычный
сенсорная сеть,Наука и технологии,повышенный
энергосбережение,Наука и технологии,обычный
термоядерный синтез,Наука и технологии,повышенный
реактор,Наука и технологии,обычный
радиация,Наука и технологии,обычный
спутниковая навигация,Наука и технологии,обычный
геолокация,Наука и технологии,обычный
картография,Наука и технологии,обычный
нейрохирургия,Наука и технологии,повышенный
электрофизиология,Наука и технологии,повышенный
микроэлектроника,Наука и технологии,обычный
встраиваемые системы,Наука и технологии,повышенный
распределенные вычисления,Наука и технологии,повышенный
квантовая криптография,Наука и технологии,повышенный
гитара,Музыка,обычный
фортепиано,Музыка,обычный
барабаны,Музыка,обычный
скрипка,Музыка,обычный
виолончель,Музыка,повышенный
альт,Музыка,обычный
контрабас,Музыка,повышенный
флейта,Музыка,обычный
кларнет,Музыка,обычный
саксофон,Музыка,обычный
гобой,Музыка,повышенный
фагот,Музыка,повышенный
труба,Музыка,обычный
тромбон,Музыка,обычный
туба,Музыка,повышенный
ударные,Музыка,обычный
перкуссия,Музыка,обычный
синтезатор,Музыка,обычный
диджей,Музыка,обычный
микрофон,Музыка,обычный
наушники,Музыка,обычный
динамики,Музыка,обычный
студия,Музыка,обычный
запись,Музыка,обычный
сведение,Музыка,повышенный
микс,Музыка,обычный
аранжировка,Музыка,обычный
исполнитель,Музыка,обычный
звукорежиссёр,Музыка,повышенный
дирижёр,Музыка,обычный
оркестр,Музыка,обычный
ансамбль,Музыка,обычный
квартет,Музыка,обычный
трио,Музыка,обычный
дуэт,Музыка,обычный
соло,Музыка,обычный
вокал,Музыка,обычный
бэк-вокал,Музыка,обычный
нотная тетрадь,Музыка,повышенный
партитура,Музыка,повышенный
пюпитр,Музыка,повышенный
метроном,Музыка,обычный
тюнер,Музыка,повышенный
медиатор,Музыка,обычный
струна,Музыка,обычный
каподастр,Музыка,повышенный
аккорд,Музыка,обычный
мотив,Музыка,обычный
гармония,Музыка,обычный
полиритмия,Музыка,повышенный
темп,Музыка,обычный
тональность,Музыка,повышенный
октава,Музыка,повышенный
лад,Музыка,повышенный
сольфеджио,Музыка,повышенный
нотная запись,Музыка,повышенный
импровизация,Музыка,обычный
репетиция,Музыка,обычный
живое выступление,Музыка,обычный
фестиваль,Музыка,обычный
турне,Музыка,обычный
гастроли,Музыка,обычный
сценическая площадка,Музыка,повышенный
афиша,Музыка,обычный
освещение,Музыка,обычный
звукопоглощение,Музыка,повышенный
микшер,Музыка,обычный
эквалайзер,Музыка,повышенный
компрессор,Музыка,повышенный
бит,Музыка,обычный
бас,Музыка,обычный
грув,Музыка,повышенный
плейлист,Музыка,обычный
сингл,Музыка,обычный
хит,Музыка,обычный
чарт,Музыка,обычный
рейтинги,Музыка,обычный
лейбл,Музыка,повышенный
контракт,Музыка,обычный
мерч,Музыка,обычный
фан-клуб,Музыка,обычный
интервью,Музыка,обычный
рецензия,Музыка,обычный
премия,Музыка,обычный
номинация,Музыка,повышенный
церемония,Музыка,обычный
веб-приложение,Цифровые продукты,обычный
голосовой помощник,Цифровые продукты,обычный
умная колонка,Цифровые продукты,обычный
стриминг,Цифровые продукты,обычный
видеохостинг,Цифровые продукты,обычный
файлообменник,Цифровые продукты,обычный
мессенджер,Цифровые продукты,обычный
видеозвонок,Цифровые продукты,обычный
голосовой чат,Цифровые продукты,обычный
видеочат,Цифровые продукты,обычный
аватар,Цифровые продукты,обычный
стикер,Цифровые продукты,обычный
эмодзи,Цифровые продукты,обычный
реакция,Цифровые продукты,обычный
профиль,Цифровые продукты,обычный
лента,Цифровые продукты,обычный
рекомендации,Цифровые продукты,обычный
уведомление,Цифровые продукты,обычный
поиск,Цифровые продукты,обычный
фильтр,Цифровые продукты,обычный
сортировка,Цифровые продукты,обычный
рейтинг,Цифровые продукты,обычный
избранное,Цифровые продукты,обычный
история просмотров,Цифровые продукты,обычный
закладки,Цифровые продукты,обычный
офлайн-режим,Цифровые продукты,обычный
тёмная тема,Цифровые продукты,обычный
настройки,Цифровые продукты,обычный
приватность,Цифровые продукты,обычный
конфиденциальность,Цифровые продукты,обычный
куки,Цифровые продукты,повышенный
кэш,Цифровые продукты,обычный
загрузка файла,Цифровые продукты,обычный
скачивание,Цифровые продукты,обычный
автозаполнение,Цифровые продукты,повышенный
двухфакторная аутентификация,Цифровые продукты,повышенный
код подтверждения,Цифровые продукты,повышенный
восстановление доступа,Цифровые продукты,повышенный
электронная почта,Цифровые продукты,повышенный
рассылка,Цифровые продукты,повышенный
баннер,Цифровые продукты,обычный
карусель,Цифровые продукты,обычный
загрузочный экран,Цифровые продукты,обычный
подсказка,Цифровые продукты,обычный
оценка,Цифровые продукты,обычный
отзыв,Цифровые продукты,обычный
комментарий,Цифровые продукты,обычный
модератор,Цифровые продукты,повышенный
бан,Цифровые продукты,обычный
обновление,Цифровые продукты,обычный
версия,Цифровые продукты,повышенный
политика конфиденциальности,Цифровые продукты,повышенный
пользовательское соглашение,Цифровые продукты,повышенный
капча,Цифровые продукты,повышенный
промокод,Цифровые продукты,повышенный
реферальная программа,Цифровые продукты,повышенный
витрина,Цифровые продукты,обычный
каталог,Цифровые продукты,обычный
корзина,Цифровые продукты,обычный
оформление заказа,Цифровые продукты,повышенный
оплата онлайн,Цифровые продукты,повышенный
возврат средств,Цифровые продукты,повышенный
статус заказа,Цифровые продукты,повышенный
доставка курьером,Цифровые продукты,повышенный
самовывоз,Цифровые продукты,повышенный
рисование,Развлечения и хобби,обычный
живопись,Развлечения и хобби,обычный
скульптура,Развлечения и хобби,обычный
графика,Развлечения и хобби,повышенный
каллиграфия,Развлечения и хобби,повышенный
иллюстрация,Развлечения и хобби,повышенный
комиксы,Развлечения и хобби,обычный
мультфильмы,Развлечения и хобби,обычный
анимация,Развлечения и хобби,повышенный
фотосъёмка,Развлечения и хобби,обычный
обработка фото,Развлечения и хобби,повышенный
видеомонтаж,Развлечения и хобби,обычный
кинематограф,Развлечения и хобби,повышенный
театральная постановка,Развлечения и хобби,повышенный
экспромт,Развлечения и хобби,повышенный
актёрское мастерство,Развлечения и хобби,повышенный
танцы,Развлечения и хобби,обычный
балет,Развлечения и хобби,обычный
хип-хоп,Развлечения и хобби,обычный
сальса,Развлечения и хобби,обычный
танго,Развлечения и хобби,обычный
латино,Развлечения и хобби,обычный
растяжка,Развлечения и хобби,обычный
медитация,Развлечения и хобби,обычный
пилатес,Развлечения и хобби,обычный
фитнес,Развлечения и хобби,обычный
бодибилдинг,Развлечения и хобби,обычный
туризм,Развлечения и хобби,обычный
поход,Развлечения и хобби,обычный
кемпинг,Развлечения и хобби,обычный
палатка,Развлечения и хобби,обычный
костёр,Развлечения и хобби,обычный
компас,Развлечения и хобби,обычный
ориентирование,Развлечения и хобби,повышенный
альпинизм,Развлечения и хобби,повышенный
пробежка,Развлечения и хобби,обычный
ролики,Развлечения и хобби,обычный
скейтборд,Развлечения и хобби,обычный
самокат,Развлечения и хобби,обычный
лыжи,Развлечения и хобби,обычный
сноуборд,Развлечения и хобби,обычный
коньки,Развлечения и хобби,обычный
хоккей на льду,Развлечения и хобби,повышенный
настольный теннис,Развлечения и хобби,обычный
бильярд,Развлечения и хобби,обычный
боулинг,Развлечения и хобби,обычный
дартс,Развлечения и хобби,обычный
стрельба из лука,Развлечения и хобби,обычный
пейнтбол,Развлечения и хобби,обычный
лазертаг,Развлечения и хобби,обычный
шахматы,Развлечения и хобби,обычный
шашки,Развлечения и хобби,обычный
нарды,Развлечения и хобби,обычный
настольная игра,Развлечения и хобби,повышенный
головоломка,Развлечения и хобби,повышенный
пазл,Развлечения и хобби,повышенный
кроссворд,Развлечения и хобби,обычный
судоку,Развлечения и хобби,повышенный
викторина,Развлечения и хобби,повышенный
мафия,Развлечения и хобби,обычный
ролевая игра,Развлечения и хобби,повышенный
косплей,Развлечения и хобби,повышенный
моделирование,Развлечения и хобби,обычный
радиоуправление,Развлечения и хобби,обычный
авиамодель,Развлечения и хобби,повышенный
конструктор,Развлечения и хобби,обычный
электроника,Развлечения и хобби,повышенный
пайка,Развлечения и хобби,повышенный
программирование,Развлечения и хобби,обычный
дрифт,Развлечения и хобби,обычный
автоспорт,Развлечения и хобби,обычный
ретушь,Развлечения и хобби,обычный
натюрморт,Развлечения и хобби,обычный
пейзаж,Развлечения и хобби,обычный
портрет,Развлечения и хобби,обычный
скетчинг,Развлечения и хобби,обычный
вязание,Развлечения и хобби,обычный
шитьё,Развлечения и хобби,обычный
вышивание,Развлечения и хобби,обычный
квиллинг,Развлечения и хобби,повышенный
скрапбукинг,Развлечения и хобби,повышенный
деревообработка,Развлечения и хобби,повышенный
резьба по дереву,Развлечения и хобби,обычный
гончарное дело,Развлечения и хобби,повышенный
керамика,Развлечения и хобби,обычный
мыловарение,Развлечения и хобби,повышенный
свечеварение,Развлечения и хобби,повышенный
кондитерское дело,Развлечения и хобби,обычный
выпечка,Развлечения и хобби,обычный
гриль,Развлечения и хобби,обычный
барбекю,Развлечения и хобби,обычный
ферментация,Развлечения и хобби,повышенный
домашнее вино,Развлечения и хобби,обычный
пиво,Развлечения и хобби,обычный
чайные церемонии,Развлечения и хобби,повышенный
садоводство,Развлечения и хобби,обычный
флористика,Развлечения и хобби,повышенный
комнатные растения,Развлечения и хобби,обычный
ботанический сад,Развлечения и хобби,повышенный
аквариум,Развлечения и хобби,обычный
террариум,Развлечения и хобби,обычный
пчеловодство,Развлечения и хобби,повышенный
голубятня,Развлечения и хобби,повышенный
кинология,Развлечения и хобби,повышенный
велотуризм,Развлечения и хобби,обычный
фотоохота,Развлечения и хобби,обычный
бадминтон,Спорт и фитнес,обычный
сквош,Спорт и фитнес,повышенный
пинг-понг,Спорт и фитнес,обычный
пляжный волейбол,Спорт и фитнес,обычный
американский футбол,Спорт и фитнес,повышенный
бейсбол,Спорт и фитнес,обычный
крикет,Спорт и фитнес,обычный
гольф,Спорт и фитнес,обычный
фехтование,Спорт и фитнес,обычный
бокс,Спорт и фитнес,обычный
кикбоксинг,Спорт и фитнес,обычный
муай-тай,Спорт и фитнес,повышенный
борьба,Спорт и фитнес,обычный
дзюдо,Спорт и фитнес,обычный
самбо,Спорт и фитнес,обычный
карате,Спорт и фитнес,обычный
капоэйра,Спорт и фитнес,повышенный
триатлон,Спорт и фитнес,повышенный
биатлон,Спорт и фитнес,обычный
легкая атлетика,Спорт и фитнес,обычный
метание копья,Спорт и фитнес,обычный
толкание ядра,Спорт и фитнес,обычный
спортивная ходьба,Спорт и фитнес,обычный
скалолазание,Спорт и фитнес,обычный
горный туризм,Спорт и фитнес,повышенный
парапланеризм,Спорт и фитнес,повышенный
парусный спорт,Спорт и фитнес,повышенный
виндсерфинг,Спорт и фитнес,повышенный
кайтсерфинг,Спорт и фитнес,повышенный
водное поло,Спорт и фитнес,повышенный
академическая гребля,Спорт и фитнес,повышенный
байдарка,Спорт и фитнес,повышенный
каноэ,Спорт и фитнес,повышенный
плавание на открытой воде,Спорт и фитнес,повышенный
дайвинг,Спорт и фитнес,обычный
сноркелинг,Спорт и фитнес,повышенный
подводная охота,Спорт и фитнес,повышенный
конькобежный спорт,Спорт и фитнес,повышенный
керлинг,Спорт и фитнес,повышенный
фристайл,Спорт и фитнес,повышенный
скелетон,Спорт и фитнес,повышенный
санный спорт,Спорт и фитнес,повышенный
стрельба,Спорт и фитнес,обычный
тяжелая атлетика,Спорт и фитнес,обычный
пауэрлифтинг,Спорт и фитнес,обычный
художественная гимнастика,Спорт и фитнес,обычный
калистеника,Спорт и фитнес,повышенный
стретчинг,Спорт и фитнес,повышенный
табата,Спорт и фитнес,повышенный
интервальные тренировки,Спорт и фитнес,повышенный
кардио,Спорт и фитнес,повышенный
силовая тренировка,Спорт и фитнес,повышенный
функциональный тренинг,Спорт и фитнес,повышенный
реабилитация,Спорт и фитнес,повышенный
восстановление,Спорт и фитнес,повышенный
тренировочный план,Спорт и фитнес,повышенный
пульс,Спорт и фитнес,обычный
кислородный долг,Спорт и фитнес,повышенный
молочная кислота,Спорт и фитнес,повышенный
спортивное питание,Спорт и фитнес,повышенный
белок,Спорт и фитнес,повышенный
креатин,Спорт и фитнес,повышенный
аминокислоты,Спорт и фитнес,повышенный
протеиновый батончик,Спорт и фитнес,повышенный
яблоко,Продукты питания и кулинария,обычный
банан,Продукты питания и кулинария,обычный
груша,Продукты питания и кулинария,обычный
апельсин,Продукты питания и кулинария,обычный
мандарин,Продукты питания и кулинария,обычный
лимон,Продукты питания и кулинария,обычный
лайм,Продукты питания и кулинария,обычный
киви,Продукты питания и кулинария,обычный
ананас,Продукты питания и кулинария,обычный
манго,Продукты питания и кулинария,обычный
виноград,Продукты питания и кулинария,обычный
клубника,Продукты питания и кулинария,обычный
малина,Продукты питания и кулинария,обычный
ежевика,Продукты питания и кулинария,обычный
голубика,Продукты питания и кулинария,обычный
черника,Продукты питания и кулинария,обычный
арбуз,Продукты питания и кулинария,обычный
дыня,Продукты питания и кулинария,обычный
персик,Продукты питания и кулинария,обычный
нектарин,Продукты питания и кулинария,обычный
слива,Продукты питания и кулинария,обычный
абрикос,Продукты питания и кулинария,обычный
гранат,Продукты питания и кулинария,обычный
инжир,Продукты питания и кулинария,обычный
финик,Продукты питания и кулинария,обычный
хурма,Продукты питания и кулинария,обычный
помело,Продукты питания и кулинария,обычный
грейпфрут,Продукты питания и кулинария,обычный
капуста,Продукты питания и кулинария,обычный
брокколи,Продукты питания и кулинария,обычный
цветная капуста,Продукты питания и кулинария,обычный
брюссельская капуста,Продукты питания и кулинария,повышенный
морковь,Продукты питания и кулинария,обычный
свекла,Продукты питания и кулинария,обычный
картофель,Продукты питания и кулинария,обычный
лук,Продукты питания и кулинария,обычный
чеснок,Продукты питания и кулинария,обычный
перец,Продукты питания и кулинария,обычный
перец чили,Продукты питания и кулинария,обычный
томат,Продукты питания и кулинария,обычный
огурец,Продукты питания и кулинария,обычный
кабачок,Продукты питания и кулинария,обычный
баклажан,Продукты питания и кулинария,обычный
тыква,Продукты питания и кулинария,обычный
овсянка,Продукты питания и кулинария,обычный
гречка,Продукты питания и кулинария,обычный
рисовая каша,Продукты питания и кулинария,обычный
макароны,Продукты питания и кулинария,обычный
спагетти,Продукты питания и кулинария,обычный
лазанья,Продукты питания и кулинария,повышенный
пельмени с мясом,Продукты питания и кулинария,обычный
вареники,Продукты питания и кулинария,обычный
борщ,Продукты питания и кулинария,обычный
щи,Продукты питания и кулинария,повышенный
окрошка,Продукты питания и кулинария,обычный
солянка,Продукты питания и кулинария,обычный
рассольник,Продукты питания и кулинария,обычный
харчо,Продукты питания и кулинария,повышенный
шурпа,Продукты питания и кулинария,повышенный
плов,Продукты питания и кулинария,обычный
шашлык,Продукты питания и кулинария,обычный
стейк,Продукты питания и кулинария,обычный
котлета,Продукты питания и кулинария,обычный
куриные котлеты,Продукты питания и кулинария,обычный
индейка,Продукты питания и кулинария,обычный
свинина,Продукты питания и кулинария,обычный
говядина,Продукты питания и кулинария,обычный
баранина,Продукты питания и кулинария,обычный
фарш,Продукты питания и кулинария,обычный
филе,Продукты питания и кулинария,обычный
куриное яйцо,Продукты питания и кулинария,обычный
омлет,Продукты питания и кулинария,обычный
яичница,Продукты питания и кулинария,обычный
сырники,Продукты питания и кулинария,обычный
блины,Продукты питания и кулинария,обычный
оладьи,Продукты питания и кулинария,обычный
вафли,Продукты питания и кулинария,обычный
пирог,Продукты питания и кулинария,обычный
пирожок,Продукты питания и кулинария,обычный
пицца,Продукты питания и кулинария,обычный
бургер,Продукты питания и кулинария,обычный
сендвич,Продукты питания и кулинария,повышенный
хот-дог,Продукты питания и кулинария,повышенный
суши,Продукты питания и кулинария,обычный
роллы,Продукты питания и кулинария,обычный
удон,Продукты питания и кулинария,повышенный
рамен,Продукты питания и кулинария,повышенный
кари,Продукты питания и кулинария,повышенный
вок,Продукты питания и кулинария,повышенный
том ям,Продукты питания и кулинария,повышенный
фо бо,Продукты питания и кулинария,повышенный
шакшука,Продукты питания и кулинария,повышенный
хумус,Продукты питания и кулинария,повышенный
пита,Продукты питания и кулинария,повышенный
лаваш,Продукты питания и кулинария,обычный
аджапсандал,Продукты питания и кулинария,повышенный
хачапури,Продукты питания и кулинария,повышенный
татари,Продукты питания и кулинария,повышенный
кемпир,Продукты питания и кулинария,повышенный
бородинский хлеб,Продукты питания и кулинария,повышенный
батон,Продукты питания и кулинария,обычный
булочка,Продукты питания и кулинария,обычный
круассан,Продукты питания и кулинария,обычный
кексы,Продукты питания и кулинария,обычный
печенье,Продукты питания и кулинария,обычный
пряник,Продукты питания и кулинария,обычный
торт,Продукты питания и кулинария,обычный
мороженое,Продукты питания и кулинария,обычный
джем,Продукты питания и кулинария,обычный
варенье,Продукты питания и кулинария,обычный
мёд,Продукты питания и кулинария,обычный
шоколад,Продукты питания и кулинария,обычный
ирис,Продукты питания и кулинария,обычный
конфеты,Продукты питания и кулинария,обычный
мармелад,Продукты питания и кулинария,обычный
зефир,Продукты питания и кулинария,обычный
пастила,Продукты питания и кулинария,обычный
правильное питание,Продукты питания и кулинария,повышенный
безглютеновое меню,Продукты питания и кулинария,повышенный
вегетарианское меню,Продукты питания и кулинария,повышенный
кето-диета,Продукты питания и кулинария,повышенный
палео-диета,Продукты питания и кулинария,повышенный
смузи,Продукты питания и кулинария,повышенный
фреш,Продукты питания и кулинария,повышенный
лимонад,Продукты питания и кулинария,обычный
морс,Продукты питания и кулинария,повышенный
компот,Продукты питания и кулинария,обычный
квас,Продукты питания и кулинария,обычный
молочный коктейль,Продукты питания и кулинария,обычный
кофе,Продукты питания и кулинария,обычный
капучино,Продукты питания и кулинария,обычный
латте,Продукты питания и кулинария,обычный
эспрессо,Продукты питания и кулинария,обычный
зеленый чай,Продукты питания и кулинария,обычный
матча,Продукты питания и кулинария,повышенный
улун,Продукты питания и кулинария,повышенный
мороз,Природные явления,обычный
жара,Природные явления,обычный
прохлада,Природные явления,обычный
зной,Природные явления,обычный
морось,Природные явления,обычный
ливень,Природные явления,обычный
буря,Природные явления,обычный
шторм,Природные явления,обычный
ураган,Природные явления,обычный
торнадо,Природные явления,повышенный
смерч,Природные явления,обычный
тайфун,Природные явления,повышенный
цунами,Природные явления,повышенный
штиль,Природные явления,обычный
вихрь,Природные явления,обычный
заморозки,Природные явления,обычный
гололёд,Природные явления,обычный
иней,Природные явления,обычный
роса,Природные явления,обычный
туманность,Природные явления,повышенный
звездопад,Природные явления,обычный
метеоритный дождь,Природные явления,повышенный
солнечное затмение,Природные явления,повышенный
лунное затмение,Природные явления,повышенный
полярное сияние,Природные явления,повышенный
магнитная буря,Природные явления,повышенный
солнечный ветер,Природные явления,повышенный
пасмурность,Природные явления,обычный
ясность,Природные явления,обычный
переменная облачность,Природные явления,повышенный
порыв ветра,Природные явления,обычный
град,Природные явления,обычный
снегопад,Природные явления,обычный
сосулька,Природные явления,обычный
пыльная буря,Природные явления,повышенный
песчаная буря,Природные явления,повышенный
морской бриз,Природные явления,повышенный
паводок,Природные явления,повышенный
сель,Природные явления,повышенный
оползень,Природные явления,повышенный
лавина,Природные явления,обычный
сейсмическая активность,Природные явления,повышенный
вулканическая активность,Природные явления,повышенный
потепление,Природные явления,обычный
похолодание,Природные явления,обычный
луч солнца,Природные явления,обычный
тень,Природные явления,обычный
рассвет,Природные явления,обычный
закат,Природные явления,обычный
сумерки,Природные явления,обычный
полдень,Природные явления,обычный
полночь,Природные явления,обычный
дерево,Материалы и вещества,обычный
камень,Материалы и вещества,обычный
мрамор,Материалы и вещества,обычный
гранит,Материалы и вещества,обычный
асфальт,Материалы и вещества,обычный
гравий,Материалы и вещества,обычный
кирпич,Материалы и вещества,обычный
цемент,Материалы и вещества,обычный
шерсть,Материалы и вещества,обычный
хлопок,Материалы и вещества,обычный
лён,Материалы и вещества,повышенный
шёлк,Материалы и вещества,обычный
кожа,Материалы и вещества,обычный
резина,Материалы и вещества,обычный
бронза,Материалы и вещества,повышенный
латунь,Материалы и вещества,повышенный
чугун,Материалы и вещества,повышенный
магний,Материалы и вещества,повышенный
титан,Материалы и вещества,повышенный
углеволокно,Материалы и вещества,повышенный
кевлар,Материалы и вещества,повышенный
карбон,Материалы и вещества,повышенный
поликарбонат,Материалы и вещества,повышенный
полиэтилен,Материалы и вещества,повышенный
тефлон,Материалы и вещества,повышенный
силикон,Материалы и вещества,обычный
акрил,Материалы и вещества,повышенный
эпоксидная смола,Материалы и вещества,повышенный
битум,Материалы и вещества,повышенный
янтарь,Материалы и вещества,обычный
кварц,Материалы и вещества,повышенный
опал,Материалы и вещества,повышенный
рубин,Материалы и вещества,повышенный
сапфир,Материалы и вещества,повышенный
изумруд,Материалы и вещества,повышенный
алмаз,Материалы и вещества,обычный
полимер,Материалы и вещества,повышенный
композит,Материалы и вещества,повышенный
сосновая смола,Материалы и вещества,обычный
парафин,Материалы и вещества,обычный
воск,Материалы и вещества,обычный
тигр,Флора и фауна,обычный
лев,Флора и фауна,обычный
пантера,Флора и фауна,обычный
ягуар,Флора и фауна,обычный
гепард,Флора и фауна,обычный
рысь,Флора и фауна,обычный
манул,Флора и фауна,повышенный
леопард,Флора и фауна,обычный
барсук,Флора и фауна,обычный
енот,Флора и фауна,обычный
ласка,Флора и фауна,обычный
куница,Флора и фауна,обычный
норка,Флора и фауна,обычный
выдра,Флора и фауна,обычный
бобр,Флора и фауна,обычный
лось,Флора и фауна,обычный
олень,Флора и фауна,обычный
косуля,Флора и фауна,повышенный
зубр,Флора и фауна,повышенный
буйвол,Флора и фауна,обычный
антилопа,Флора и фауна,обычный
жираф,Флора и фауна,обычный
зебра,Флора и фауна,обычный
слон,Флора и фауна,обычный
бегемот,Флора и фауна,обычный
носорог,Флора и фауна,обычный
верблюд,Флора и фауна,обычный
лама,Флора и фауна,повышенный
альпака,Флора и фауна,повышенный
коала,Флора и фауна,повышенный
кенгуру,Флора и фауна,обычный
утконос,Флора и фауна,повышенный
муравьед,Флора и фауна,обычный
ленивец,Флора и фауна,обычный
броненосец,Флора и фауна,повышенный
обезьяна,Флора и фауна,обычный
шимпанзе,Флора и фауна,повышенный
горилла,Флора и фауна,обычный
орангутан,Флора и фауна,повышенный
гиббон,Флора и фауна,повышенный
лиса фенек,Флора и фауна,повышенный
волк,Флора и фауна,обычный
гиена,Флора и фауна,обычный
шакал,Флора и фауна,обычный
дикая собака,Флора и фауна,обычный
медоед,Флора и фауна,повышенный
кабан,Флора и фауна,обычный
дикобраз,Флора и фауна,повышенный
шиншилла,Флора и фауна,повышенный
белка,Флора и фауна,обычный
сурок,Флора и фауна,обычный
суслик,Флора и фауна,обычный
хомяк,Флора и фауна,обычный
крот,Флора и фауна,обычный
еж,Флора и фауна,обычный
летучая мышь,Флора и фауна,обычный
морж,Флора и фауна,обычный
тюлень,Флора и фауна,обычный
морской котик,Флора и фауна,повышенный
косатка,Флора и фауна,повышенный
дельфин,Флора и фауна,обычный
кит,Флора и фауна,обычный
акула,Флора и фауна,обычный
скат,Флора и фауна,обычный
осьминог,Флора и фауна,обычный
кальмар,Флора и фауна,обычный
краб,Флора и фауна,обычный
лобстер,Флора и фауна,повышенный
креветка,Флора и фауна,обычный
мидия,Флора и фауна,обычный
устрица,Флора и фауна,обычный
улитка,Флора и фауна,обычный
коралл,Флора и фауна,повышенный
медуза,Флора и фауна,обычный
анемона,Флора и фауна,повышенный
пчела,Флора и фауна,обычный
оса,Флора и фауна,обычный
шмель,Флора и фауна,обычный
комар,Флора и фауна,обычный
муха,Флора и фауна,обычный
мотылёк,Флора и фауна,обычный
бабочка,Флора и фауна,обычный
стрекоза,Флора и фауна,обычный
жук-олень,Флора и фауна,повышенный
скарабей,Флора и фауна,повышенный
саранча,Флора и фауна,обычный
богомол,Флора и фауна,обычный
палочник,Флора и фауна,повышенный
гусеница,Флора и фауна,обычный
улей,Флора и фауна,повышенный
ворона,Флора и фауна,обычный
сорока,Флора и фауна,обычный
голубь,Флора и фауна,обычный
воробей,Флора и фауна,обычный
ласточка,Флора и фауна,обычный
скворец,Флора и фауна,обычный
журавль,Флора и фауна,обычный
аист,Флора и фауна,обычный
цапля,Флора и фауна,обычный
фламинго,Флора и фауна,обычный
пингвин,Флора и фауна,обычный
гусь,Флора и фауна,обычный
утка,Флора и фауна,обычный
лебедь,Флора и фауна,обычный
индюк,Флора и фауна,обычный
курица,Флора и фауна,обычный
петух,Флора и фауна,обычный
цыпленок,Флора и фауна,обычный
фазан,Флора и фауна,повышенный
перепел,Флора и фауна,обычный
страус,Флора и фауна,обычный
казуар,Флора и фауна,повышенный
рыло,Флора и фауна,повышенный
коралловый полип,Флора и фауна,повышенный
стиральная машина,Техника,обычный
посудомойка,Техника,обычный
микроволновка,Техника,обычный
чайник,Техника,обычный
тостер,Техника,обычный
аэрогриль,Техника,повышенный
мультиварка,Техника,повышенный
блендер,Техника,обычный
миксер,Техника,обычный
кухонный комбайн,Техника,повышенный
соковыжималка,Техника,обычный
морозильник,Техника,обычный
духовой шкаф,Техника,обычный
варочная панель,Техника,повышенный
кухонная вытяжка,Техника,обычный
кофемашина,Техника,обычный
кофемолка,Техника,обычный
хлебопечка,Техника,обычный
кондиционер,Техника,обычный
увлажнитель воздуха,Техника,обычный
тепловентилятор,Техника,повышенный
обогреватель,Техника,обычный
электрокамин,Техника,повышенный
утюг,Техника,обычный
парогенератор,Техника,повышенный
пароочиститель,Техника,повышенный
робот-пылесос,Техника,обычный
фен,Техника,обычный
триммер,Техника,обычный
электробритва,Техника,обычный
эпилятор,Техника,обычный
весы,Техника,обычный
тонометр,Техника,повышенный
глюкометр,Техника,повышенный
дрель,Техника,обычный
перфоратор,Техника,обычный
шуруповёрт,Техника,обычный
лобзик,Техника,повышенный
углошлифмашина,Техника,повышенный
циркулярная пила,Техника,повышенный
торцовочная пила,Техника,повышенный
электрорубанок,Техника,повышенный
строительный степлер,Техника,обычный
бензиновый генератор,Техника,повышенный
сварочный аппарат,Техника,повышенный
паяльная станция,Техника,повышенный
клеевой пистолет,Техника,повышенный
магнитофон,Техника,повышенный
медиаплеер,Техника,повышенный
проектор,Техника,обычный
игровая приставка,Техника,обычный
геймпад,Техника,обычный
видеокамера,Техника,обычный
штатив,Техника,обычный
объектив,Техника,обычный
вспышка,Техника,обычный
экшн-камера,Техника,повышенный
квадрокоптер,Техника,обычный
стабилизатор,Техника,повышенный
маршрутизатор,Техника,повышенный
сетевой коммутатор,Техника,повышенный
удлинитель,Техника,обычный
сетевой фильтр,Техника,обычный
стабилизатор напряжения,Техника,повышенный
бесперебойник,Техника,повышенный
сканер,Техника,обычный
копир,Техника,повышенный
ламинатор,Техника,повышенный
шредер,Техника,повышенный
газонокосилка,Техника,обычный
бензопила,Техника,обычный
культиватор,Техника,повышенный
мотоблок,Техника,повышенный
электросамокат,Техника,обычный
гироскутер,Техника,повышенный
сигвей,Техника,повышенный
электровелосипед,Техника,обычный
домофон,Техника,обычный
лампочка,Техника,обычный
умная розетка,Техника,обычный
датчик движения,Техника,повышенный
датчик дыма,Техника,повышенный
металлоискатель,Техника,повышенный
тепловизор,Техника,повышенный
эндоскоп,Техника,повышенный
мультиметр,Техника,повышенный
осциллограф,Техника,повышенный
тахометр,Техника,повышенный
лазерный уровень,Техника,повышенный
термометр,Техника,обычный
Amazon,Бренды и торговые марки,повышенный
Netflix,Бренды и торговые марки,обычный
YouTube,Бренды и торговые марки,обычный
Facebook,Бренды и торговые марки,обычный
Instagram,Бренды и торговые марки,обычный
TikTok,Бренды и торговые марки,обычный
WhatsApp,Бренды и торговые марки,обычный
Telegram,Бренды и торговые марки,обычный
WeChat,Бренды и торговые марки,повышенный
Twitter,Бренды и торговые марки,обычный
Xiaomi,Бренды и торговые марки,обычный
Huawei,Бренды и торговые марки,обычный
Oppo,Бренды и торговые марки,повышенный
Vivo,Бренды и торговые марки,повышенный
Lenovo,Бренды и торговые марки,обычный
Razer,Бренды и торговые марки,повышенный
Sony,Бренды и торговые марки,обычный
PlayStation,Бренды и торговые марки,обычный
Xbox,Бренды и торговые марки,обычный
Nintendo,Бренды и торговые марки,обычный
EA,Бренды и торговые марки,повышенный
Ubisoft,Бренды и торговые марки,повышенный
Rockstar Games,Бренды и торговые марки,повышенный
Blizzard,Бренды и торговые марки,повышенный
Valve,Бренды и торговые марки,повышенный
Epic Games,Бренды и торговые марки,повышенный
Steam,Бренды и торговые марки,обычный
Spotify,Бренды и торговые марки,повышенный
Shazam,Бренды и торговые марки,обычный
Twitch,Бренды и торговые марки,обычный
Discord,Бренды и торговые марки,обычный
Reddit,Бренды и торговые марки,повышенный
GitHub,Бренды и торговые марки,повышенный
Figma,Бренды и торговые марки,повышенный
Zoom,Бренды и торговые марки,обычный
Skype,Бренды и торговые марки,обычный
Google Drive,Бренды и торговые марки,повышенный
Visa,Бренды и торговые марки,обычный
Mastercard,Бренды и торговые марки,повышенный
радость,Эмоции и черты характера,обычный
восторг,Эмоции и черты характера,обычный
счастье,Эмоции и черты характера,обычный
удовольствие,Эмоции и черты характера,обычный
гордость,Эмоции и черты характера,обычный
спокойствие,Эмоции и черты характера,обычный
безмятежность,Эмоции и черты характера,повышенный
умиротворение,Эмоции и черты характера,повышенный
интерес,Эмоции и черты характера,обычный
любопытство,Эмоции и черты характера,обычный
изумление,Эмоции и черты характера,повышенный
вдохновение,Эмоции и черты характера,обычный
надежда,Эмоции и черты характера,обычный
воодушевление,Эмоции и черты характера,повышенный
мотивация,Эмоции и черты характера,повышенный
сочувствие,Эмоции и черты характера,повышенный
сострадание,Эмоции и черты характера,повышенный
дружелюбие,Эмоции и черты характера,обычный
терпение,Эмоции и черты характера,повышенный
вежливость,Эмоции и черты характера,обычный
прямота,Эмоции и черты характера,обычный
ответственность,Эмоции и черты характера,повышенный
надежность,Эмоции и черты характера,повышенный
храбрость,Эмоции и черты характера,обычный
решительность,Эмоции и черты характера,повышенный
настойчивость,Эмоции и черты характера,повышенный
уверенность,Эмоции и черты характера,обычный
амбициозность,Эмоции и черты характера,повышенный
целеустремленность,Эмоции и черты характера,повышенный
инициативность,Эмоции и черты характера,повышенный
креативность,Эмоции и черты характера,повышенный
внимательность,Эмоции и черты характера,обычный
аккуратность,Эмоции и черты характера,обычный
пунктуальность,Эмоции и черты характера,повышенный
щедрость,Эмоции и черты характера,обычный
искренность,Эмоции и черты характера,повышенный
доброжелательность,Эмоции и черты характера,повышенный
оптимизм,Эмоции и черты характера,повышенный
пессимизм,Эмоции и черты характера,повышенный
нейтральность,Эмоции и черты характера,повышенный
уныние,Эмоции и черты характера,обычный
тоска,Эмоции и черты характера,обычный
печаль,Эмоции и черты характера,обычный
разочарование,Эмоции и черты характера,обычный
тревога,Эмоции и черты характера,обычный
опасение,Эмоции и черты характера,обычный
ужас,Эмоции и черты характера,обычный
паника,Эмоции и черты характера,обычный
раздражение,Эмоции и черты характера,обычный
ярость,Эмоции и черты характера,обычный
раздражительность,Эмоции и черты характера,обычный
зависть,Эмоции и черты характера,повышенный
ревность,Эмоции и черты характера,повышенный
стыд,Эмоции и черты характера,обычный
вина,Эмоции и черты характера,обычный
скука,Эмоции и черты характера,обычный
усталость,Эмоции и черты характера,обычный
стресс,Эмоции и черты характера,обычный
напряжение,Эмоции и черты характера,повышенный
обида,Эмоции и черты характера,обычный
сомнение,Эмоции и черты характера,повышенный
нерешительность,Эмоции и черты характера,повышенный
чуткость,Эмоции и черты характера,повышенный
коммуникабельность,Эмоции и черты характера,повышенный
дисциплина,Эмоции и черты характера,повышенный
самообладание,Эмоции и черты характера,повышенный
контроль,Эмоции и черты характера,повышенный
уважение,Эмоции и черты характера,повышенный
самооценка,Эмоции и черты характера,повышенный
критика,Эмоции и черты характера,повышенный
скромность,Эмоции и черты характера,повышенный
тактичность,Эмоции и черты характера,повышенный
толерантность,Эмоции и черты характера,повышенный
архитектор,Профессии и должности,обычный
маркетолог,Профессии и должности,обычный
бухгалтер,Профессии и должности,обычный
юрист,Профессии и должности,обычный
психолог,Профессии и должности,обычный
агроном,Профессии и должности,повышенный
ветеринар,Профессии и должности,обычный
журналист,Профессии и должности,обычный
логист,Профессии и должности,повышенный
косметолог,Профессии и должности,обычный
фармацевт,Профессии и должности,повышенный
космонавт,Профессии и должности,повышенный
пожарный,Профессии и должности,обычный
полицейский,Профессии и должности,обычный
электрик,Профессии и должности,обычный
слесарь,Профессии и должности,повышенный
механик,Профессии и должности,обычный
пилот,Профессии и должности,обычный
строитель,Профессии и должности,обычный
маляр,Профессии и должности,обычный
плотник,Профессии и должности,обычный
сантехник,Профессии и должности,обычный
токарь,Профессии и должности,повышенный
фрезеровщик,Профессии и должности,повышенный
швея,Профессии и должности,обычный
парикмахер,Профессии и должности,обычный
диспетчер,Профессии и должности,повышенный
экономист,Профессии и должности,повышенный
оператор,Профессии и должности,обычный
секретарь,Профессии и должности,повышенный
администратор,Профессии и должности,повышенный
кассир,Профессии и должности,обычный
официант,Профессии и должности,обычный
бармен,Профессии и должности,обычный
экскурсовод,Профессии и должности,обычный
переводчик,Профессии и должности,повышенный
актёр,Профессии и должности,повышенный
певец,Профессии и должности,обычный
музыкант,Профессии и должности,обычный
художник,Профессии и должности,обычный
скульптор,Профессии и должности,обычный
фотограф,Профессии и должности,обычный
режиссёр,Профессии и должности,повышенный
сценарист,Профессии и должности,повышенный
редактор,Профессии и должности,повышенный
библиотекарь,Профессии и должности,повышенный
учёный,Профессии и должности,повышенный
исследователь,Профессии и должности,повышенный
лаборант,Профессии и должности,повышенный
технолог,Профессии и должности,повышенный
астроном,Профессии и должности,обычный
эколог,Профессии и должности,повышенный
социолог,Профессии и должности,повышенный
философ,Профессии и должности,повышенный
историк,Профессии и должности,повышенный
археолог,Профессии и должности,повышенный
антрополог,Профессии и должности,повышенный
лингвист,Профессии и должности,повышенный
филолог,Профессии и должности,повышенный
психиатр,Профессии и должности,повышенный
невролог,Профессии и должности,повышенный
кардиолог,Профессии и должности,обычный
педиатр,Профессии и должности,повышенный
гинеколог,Профессии и должности,повышенный
эндокринолог,Профессии и должности,повышенный
гастроэнтеролог,Профессии и должности,повышенный
аллерголог,Профессии и должности,повышенный
иммунолог,Профессии и должности,повышенный
травматолог,Профессии и должности,повышенный
Евразия,География,обычный
Африка,География,обычный
Америка,География,обычный
Антарктида,География,обычный
Австралия (континент),География,обычный
Европа,География,обычный
Азия,География,обычный
Океания,География,повышенный
Тихий океан,География,обычный
Атлантический океан,География,обычный
Индийский океан,География,обычный
Северный Ледовитый океан,География,обычный
Средиземное море,География,обычный
Балтийское море,География,повышенный
Чёрное море,География,обычный
Байкал,География,обычный
Виктория,География,повышенный
Титикака,География,повышенный
Амазонка,География,обычный
Нил,География,обычный
Миссисипи,География,повышенный
Волга,География,обычный
Лена,География,обычный
Ганг,География,повышенный
Янцзы,География,повышенный
Хуанхэ,География,повышенный
Сахара,География,обычный
Гоби,География,повышенный
Гималаи,География,повышенный
Альпы,География,обычный
Анды,География,повышенный
Кавказ,География,обычный
Урал,География,повышенный
Кордильеры,География,повышенный
Аппалачи,География,повышенный
Тибет,География,повышенный
Эфиопия,География,повышенный
Умеренный пояс,География,повышенный
Арктический пояс,География,повышенный
тропические леса,География,обычный
саванна,География,повышенный
степь,География,обычный
тайга,География,обычный
тундра,География,обычный
лесостепь,География,повышенный
горные луга,География,повышенный
влажные экваториальные леса,География,повышенный
Север,География,обычный
Юг,География,обычный
Россия,География,обычный
США,География,обычный
Китай,География,обычный
Индия,География,обычный
Бразилия,География,обычный
Канада,География,обычный
Австралия,География,обычный
Япония,География,обычный
Германия,География,обычный
Франция,География,обычный
Великобритания,География,обычный
Италия,География,обычный
Испания,География,обычный
Мексика,География,обычный
Турция,География,повышенный
Египет,География,обычный
ЮАР,География,повышенный
Саудовская Аравия,География,повышенный
Индонезия,География,повышенный
Северная Корея,География,обычный
Москва,География,обычный
Вашингтон,География,обычный
Пекин,География,обычный
Нью-Дели,География,повышенный
Бразилиа,География,повышенный
Оттава,География,повышенный
Канберра,География,повышенный
Токио,География,обычный
Берлин,География,обычный
Париж,География,обычный
Лондон,География,обычный
Рим,География,обычный
Мадрид,География,обычный
Мехико,География,повышенный
Джакарта,География,повышенный
Сеул,География,обычный
Индостан,География,повышенный
Балканы,География,повышенный
Скандинавия,География,повышенный
Ближний Восток,География,обычный
Латинская Америка,География,обычный
Полярный круг,География,повышенный
Экватор,География,обычный
Атлантида,География,обычный
Эльдорадо,География,повышенный
Шангри-Ла,География,повышенный
Авалон,География,повышенный
Лемурия,География,повышенный
Гиперборея,География,повышенный
фарм,Развлечения и хобби,повышенный
гринд,Развлечения и хобби,повышенный
крафт,Развлечения и хобби,повышенный
рогалик,Развлечения и хобби,обычный
моба,Развлечения и хобби,повышенный
рейд,Развлечения и хобби,повышенный
квест,Развлечения и хобби,обычный
достижение,Развлечения и хобби,повышенный
скилл,Развлечения и хобби,повышенный
тимплей,Развлечения и хобби,повышенный
френдли-фаер,Развлечения и хобби,повышенный
хедшот,Развлечения и хобби,обычный
спидран,Развлечения и хобби,повышенный
патч,Цифровые продукты,повышенный
микротранзакции,Цифровые продукты,повышенный
лутбокс,Цифровые продукты,повышенный
сезонный пропуск,Цифровые продукты,повышенный
эксклюзив,Цифровые продукты,повышенный
виртуальная реальность,Наука и технологии,обычный
гильдия,Развлечения и хобби,повышенный
античит,Наука и технологии,повышенный
троллинг,Развлечения и хобби,повышенный
контроль карты,Развлечения и хобби,повышенный
табурет,Вещи и предметы быта,обычный
пуфик,Вещи и предметы быта,обычный
тахта,Вещи и предметы быта,повышенный
трюмо,Вещи и предметы быта,повышенный
сервант,Вещи и предметы быта,повышенный
буфет,Вещи и предметы быта,повышенный
этажерка,Вещи и предметы быта,повышенный
комод,Вещи и предметы быта,обычный
сундук,Вещи и предметы быта,обычный
сковорода,Вещи и предметы быта,обычный
кастрюля,Вещи и предметы быта,обычный
разделочная доска,Вещи и предметы быта,обычный
дуршлаг,Вещи и предметы быта,повышенный
половник,Вещи и предметы быта,обычный
скалка,Вещи и предметы быта,обычный
сито,Вещи и предметы быта,обычный
веник,Вещи и предметы быта,обычный
совок,Вещи и предметы быта,обычный
таз,Вещи и предметы быта,обычный
тряпка,Вещи и предметы быта,обычный
мыльница,Вещи и предметы быта,обычный
аптечка,Вещи и предметы быта,обычный
кувшин,Вещи и предметы быта,обычный
альберт эйнштейн,Знаменитости,обычный
никола тесла,Знаменитости,обычный
исаак ньютон,Знаменитости,обычный
мария кюри,Знаменитости,обычный
леонардо да винчи,Знаменитости,повышенный
винсент ван гог,Знаменитости,повышенный
пабло пикассо,Знаменитости,обычный
михаил булгаков,Знаменитости,повышенный
сергей есенин,Знаменитости,повышенный
владимир маяковский,Знаменитости,повышенный
сергей королёв,Знаменитости,повышенный
чарли чаплин,Знаменитости,обычный
мерилин монро,Знаменитости,обычный
фредди меркьюри,Знаменитости,обычный
микеланджело,Знаменитости,повышенный
данте алигьери,Знаменитости,повышенный
джузеппе верди,Знаменитости,повышенный
чайковский,Знаменитости,обычный
репин,Знаменитости,повышенный
борис пастернак,Знаменитости,повышенный
солженицын,Знаменитости,повышенный
гарри поттер,Знаменитости,обычный
кружка,Вещи и предметы быта,обычный
чашка,Вещи и предметы быта,обычный
тарелка,Вещи и предметы быта,обычный
блюдце,Вещи и предметы быта,обычный
пиала,Вещи и предметы быта,повышенный
салатница,Вещи и предметы быта,обычный
поднос,Вещи и предметы быта,обычный
сахарница,Вещи и предметы быта,обычный
солонка,Вещи и предметы быта,обычный
перечница,Вещи и предметы быта,обычный
салфетница,Вещи и предметы быта,обычный
заварник,Вещи и предметы быта,обычный
турка,Вещи и предметы быта,обычный
штопор,Вещи и предметы быта,обычный
терка,Вещи и предметы быта,обычный
ковш,Вещи и предметы быта,обычный
деревянная ложка,Вещи и предметы быта,обычный
формочка для печенья,Вещи и предметы быта,обычный
прихватка,Вещи и предметы быта,обычный
фольга,Вещи и предметы быта,повышенный
пергамент,Вещи и предметы быта,повышенный
пищевая пленка,Вещи и предметы быта,повышенный
контейнер,Вещи и предметы быта,обычный
банка,Вещи и предметы быта,обычный
бутылка,Вещи и предметы быта,обычный
коробка,Вещи и предметы быта,обычный
ящик,Вещи и предметы быта,обычный
подстаканник,Вещи и предметы быта,обычный
подсвечник,Вещи и предметы быта,обычный
фоторамка,Вещи и предметы быта,обычный
картина,Вещи и предметы быта,обычный
магнит на холодильник,Вещи и предметы быта,повышенный
ключница,Вещи и предметы быта,повышенный
зонт,Вещи и предметы быта,обычный
коврик,Вещи и предметы быта,обычный
вешалка,Вещи и предметы быта,обычный
резиновые перчатки,Вещи и предметы быта,обычный
ершик,Вещи и предметы быта,обычный
щетка,Вещи и предметы быта,обычный
освежитель воздуха,Вещи и предметы быта,обычный
дозатор,Вещи и предметы быта,обычный
держатель для туалетной бумаги,Вещи и предметы быта,повышенный
зубная нить,Вещи и предметы быта,обычный
ополаскиватель для рта,Вещи и предметы быта,повышенный
расческа,Вещи и предметы быта,обычный
зеркало,Вещи и предметы быта,обычный
наволочка,Вещи и предметы быта,обычный
пододеяльник,Вещи и предметы быта,обычный
простыня,Вещи и предметы быта,обычный
плед,Вещи и предметы быта,обычный
прищепка,Вещи и предметы быта,обычный
сушилка,Вещи и предметы быта,повышенный
гладильная доска,Вещи и предметы быта,обычный
корзина для белья,Вещи и предметы быта,повышенный
чехол,Вещи и предметы быта,повышенный
часы,Вещи и предметы быта,обычный
будильник,Вещи и предметы быта,обычный
люстра,Вещи и предметы быта,обычный
торшер,Вещи и предметы быта,повышенный
бра,Вещи и предметы быта,повышенный
салфетка,Вещи и предметы быта,повышенный
чайный сервиз,Вещи и предметы быта,обычный
бокал,Вещи и предметы быта,обычный
термос,Вещи и предметы быта,обычный
складной табурет,Вещи и предметы быта,повышенный
альберт камю,Знаменитости,повышенный
габриэль гарсиа маркес,Знаменитости,повышенный
эрнест хемингуэй,Знаменитости,повышенный
джордж оруэлл,Знаменитости,повышенный
джейн остин,Знаменитости,повышенный
уильям шекспир,Знаменитости,обычный
агата кристи,Знаменитости,обычный
джоан роулинг,Знаменитости,обычный
федерико феллини,Знаменитости,повышенный
андрей кончаловский,Знаменитости,повышенный
никита михалков,Знаменитости,обычный
сергей бондарчук,Знаменитости,повышенный
джеймс камерон,Знаменитости,обычный
кристофер нолан,Знаменитости,обычный
стивен спилберг,Знаменитости,обычный
стэнли кубрик,Знаменитости,повышенный
джордж лукас,Знаменитости,повышенный
квентин тарантино,Знаменитости,обычный
мартин скорсезе,Знаменитости,повышенный
леонардо ди каприо,Знаменитости,обычный
джонни депп,Знаменитости,обычный
том круз,Знаменитости,обычный
киану ривз,Знаменитости,обычный
скарлетт йоханссон,Знаменитости,повышенный
мэрил стрип,Знаменитости,повышенный
натали портман,Знаменитости,повышенный
джейсон стейтем,Знаменитости,обычный
петр первый,Знаменитости,обычный
екатерина великая,Знаменитости,повышенный
иван грозный,Знаменитости,обычный
николай второй,Знаменитости,повышенный
уинстон черчилль,Знаменитости,повышенный
наполеон,Знаменитости,обычный
владимир ленин,Знаменитости,обычный
иосиф сталин,Знаменитости,обычный
махатма ганди,Знаменитости,повышенный
маргарет тэтчер,Знаменитости,повышенный
барак обама,Знаменитости,обычный
дональд трамп,Знаменитости,повышенный
илон маск,Знаменитости,повышенный
стив джобс,Знаменитости,повышенный
билл гейтс,Знаменитости,повышенный
юрий гагарин,Знаменитости,обычный
николай коперник,Знаменитости,повышенный
галилео галилей,Знаменитости,обычный
джордано бруно,Знаменитости,повышенный
чарльз дарвин,Знаменитости,обычный
мартин лютер,Знаменитости,повышенный
мари кюри,Знаменитости,повышенный
дмитрий менделеев,Знаменитости,повышенный
собака павлова,Знаменитости,повышенный
стивен хокинг,Знаменитости,обычный
рюрик,Знаменитости,повышенный
ярослав мудрый,Знаменитости,повышенный
александр невский,Знаменитости,повышенный
иван айвазовский,Знаменитости,повышенный
марк шагал,Знаменитости,повышенный
жанна дарк,Знаменитости,повышенный
иисус христос,Знаменитости,обычный
будда,Знаменитости,обычный
конфуций,Знаменитости,повышенный
сократ,Знаменитости,повышенный
платон,Знаменитости,повышенный
игра престолов,Фильмы и сериалы,обычный
властелин колец,Фильмы и сериалы,обычный
матрица,Фильмы и сериалы,обычный
терминатор,Фильмы и сериалы,обычный
джокер,Фильмы и сериалы,обычный
темный рыцарь,Фильмы и сериалы,повышенный
интерстеллар,Фильмы и сериалы,повышенный
криминальное чтиво,Фильмы и сериалы,повышенный
большой куш,Фильмы и сериалы,повышенный
побег из шоушенка,Фильмы и сериалы,повышенный
зеленая миля,Фильмы и сериалы,повышенный
форрест гамп,Фильмы и сериалы,повышенный
начало,Фильмы и сериалы,повышенный
исправительная колония,Фильмы и сериалы,повышенный
острые козырьки,Фильмы и сериалы,обычный
во все тяжкие,Фильмы и сериалы,обычный
чернобыль,Фильмы и сериалы,повышенный
бумажный дом,Фильмы и сериалы,обычный
очень странные дела,Фильмы и сериалы,повышенный
ведьмак,Фильмы и сериалы,обычный
одни из нас,Фильмы и сериалы,повышенный
остаться в живых,Фильмы и сериалы,повышенный
доктор хаус,Фильмы и сериалы,повышенный
шерлок,Фильмы и сериалы,повышенный
футурама,Фильмы и сериалы,повышенный
симпсоны,Фильмы и сериалы,повышенный
клан сопрано,Фильмы и сериалы,повышенный
карточный домик,Фильмы и сериалы,обычный
корона,Фильмы и сериалы,обычный
нарко,Фильмы и сериалы,обычный
твин пикс,Фильмы и сериалы,повышенный
бригада,Фильмы и сериалы,повышенный
улицы разбитых фонарей,Фильмы и сериалы,повышенный
мастер и маргарита,Фильмы и сериалы,повышенный
операция ы,Фильмы и сериалы,повышенный
бриллиантовая рука,Фильмы и сериалы,обычный
кавказская пленница,Фильмы и сериалы,повышенный
ирония судьбы,Фильмы и сериалы,повышенный
место встречи,Фильмы и сериалы,повышенный
девчата,Фильмы и сериалы,обычный
майор гром,Фильмы и сериалы,повышенный
вверх,Фильмы и сериалы,обычный
легенда номер семнадцать,Фильмы и сериалы,повышенный
экипаж,Фильмы и сериалы,обычный
солярис,Фильмы и сериалы,повышенный
сталкер,Фильмы и сериалы,повышенный
зеркало,Фильмы и сериалы,обычный
неоновый демон,Фильмы и сериалы,обычный
бегущий по лезвию,Фильмы и сериалы,обычный
крупный план,Фильмы и сериалы,обычный
ракурс,Фильмы и сериалы,обычный
монтаж,Фильмы и сериалы,повышенный
цветокоррекция,Фильмы и сериалы,повышенный
кинематограф,Фильмы и сериалы,повышенный
заявка,Фильмы и сериалы,повышенный
пост,Фильмы и сериалы,повышенный
кинопрокат,Фильмы и сериалы,повышенный
премия,Фильмы и сериалы,повышенный
оскар,Фильмы и сериалы,обычный
золотой глобус,Фильмы и сериалы,повышенный
каннский кинофестиваль,Фильмы и сериалы,повышенный
критик,Фильмы и сериалы,обычный
камео,Фильмы и сериалы,повышенный
актер второго плана,Фильмы и сериалы,повышенный
эпизод,Фильмы и сериалы,повышенный
дубляж,Фильмы и сериалы,повышенный
озвучивание,Фильмы и сериалы,повышенный
локализация,Фильмы и сериалы,повышенный
режиссерская версия,Фильмы и сериалы,повышенный
сцена после титров,Фильмы и сериалы,повышенный
титры,Фильмы и сериалы,обычный
кино,Фильмы и сериалы,обычный
BBC,Фильмы и сериалы,обычный
ретроспектива,Фильмы и сериалы,повышенный
артхаус,Фильмы и сериалы,повышенный
нуар,Фильмы и сериалы,повышенный
документальный фильм,Фильмы и сериалы,повышенный
короткометражка,Фильмы и сериалы,обычный
фильм,Фильмы и сериалы,обычный
сериал,Фильмы и сериалы,обычный
приквел,Фильмы и сериалы,повышенный
сиквел,Фильмы и сериалы,повышенный
ремейк,Фильмы и сериалы,повышенный
экранизация,Фильмы и сериалы,повышенный
литературная основа,Фильмы и сериалы,повышенный
хлопушка,Фильмы и сериалы,обычный
кинопленка,Фильмы и сериалы,обычный
война и мир,Книги и литература,обычный
преступление и наказание,Книги и литература,обычный
идиот,Книги и литература,обычный
братья карамазовы,Книги и литература,повышенный
анна каренина,Книги и литература,повышенный
воскресение,Книги и литература,обычный
евгений онегин,Книги и литература,повышенный
капитанская дочка,Книги и литература,обычный
мертвые души,Книги и литература,обычный
ревизор,Книги и литература,повышенный
тараканище,Книги и литература,обычный
доктор живаго,Книги и литература,повышенный
белая гвардия,Книги и литература,повышенный
мы,Книги и литература,обычный
повесть о настоящем человеке,Книги и литература,повышенный
тихий дон,Книги и литература,обычный
архипелаг гулаг,Книги и литература,повышенный
сказка о царе салтане,Книги и литература,повышенный
руслан и людмила,Книги и литература,повышенный
конек горбунок,Книги и литература,повышенный
снежная королева,Книги и литература,обычный
всадник без головы,Книги и литература,обычный
алые паруса,Книги и литература,обычный
золотой ключик,Книги и литература,обычный
незнайка на луне,Книги и литература,обычный
карлсон,Книги и литература,обычный
колобок,Книги и литература,обычный
репка,Книги и литература,обычный
курочка ряба,Книги и литература,повышенный
золушка,Книги и литература,обычный
щелкунчик,Книги и литература,обычный
три мушкетера,Книги и литература,обычный
граф монте кристо,Книги и литература,повышенный
плавучий остров,Книги и литература,повышенный
таинственный остров,Книги и литература,повышенный
путешествие к центру земли,Книги и литература,повышенный
робинзон крузо,Книги и литература,повышенный
гулливер,Книги и литература,повышенный
хоббит,Книги и литература,обычный
песнь льда и пламени,Книги и литература,повышенный
маленький принц,Книги и литература,обычный
старик и море,Книги и литература,обычный
сто лет одиночества,Книги и литература,повышенный
волшебник страны оз,Книги и литература,повышенный
дюна,Книги и литература,повышенный
основание,Книги и литература,повышенный
451 градус по фаренгейту,Книги и литература,повышенный
марсианские хроники,Книги и литература,повышенный
цветы для элджернона,Книги и литература,повышенный
темная башня,Книги и литература,обычный
оно,Книги и литература,обычный
сияние,Книги и литература,обычный
мобильник,Книги и литература,обычный
над пропастью во ржи,Книги и литература,повышенный
убить пересмешника,Книги и литература,повышенный
одиссея,Книги и литература,повышенный
илиада,Книги и литература,повышенный
божественная комедия,Книги и литература,обычный
фауст,Книги и литература,повышенный
замок,Книги и литература,обычный
три товарища,Книги и литература,обычный
пикник на обочине,Книги и литература,обычный
остров сокровищ,Книги и литература,обычный
белый клык,Книги и литература,обычный
маугли,Книги и литература,обычный
хижина дяди тома,Книги и литература,повышенный
приключения тома сойера,Книги и литература,повышенный
вино из одуванчиков,Книги и литература,обычный
дом в котором,Книги и литература,повышенный
русское лото,Книги и литература,обычный
чапаев и пустота,Книги и литература,повышенный
жизнь насекомых,Книги и литература,повышенный
всадник апокалипсиса,Книги и литература,повышенный
медный всадник,Книги и литература,повышенный
меч короля артура,Книги и литература,повышенный
аллергия,Здоровье и медицина,обычный
анемия,Здоровье и медицина,повышенный
анестезия,Здоровье и медицина,обычный
аппендицит,Здоровье и медицина,повышенный
аритмия,Здоровье и медицина,повышенный
артрит,Здоровье и медицина,обычный
астма,Здоровье и медицина,обычный
бессонница,Здоровье и медицина,обычный
близорукость,Здоровье и медицина,обычный
бронхит,Здоровье и медицина,обычный
варикоз,Здоровье и медицина,обычный
вакцинация,Здоровье и медицина,обычный
витамины,Здоровье и медицина,обычный
воспаление,Здоровье и медицина,обычный
гастрит,Здоровье и медицина,повышенный
гемоглобин,Здоровье и медицина,повышенный
гипертония,Здоровье и медицина,повышенный
гипотония,Здоровье и медицина,повышенный
глаукома,Здоровье и медицина,повышенный
грипп,Здоровье и медицина,обычный
дерматит,Здоровье и медицина,обычный
депрессия,Здоровье и медицина,обычный
диабет,Здоровье и медицина,повышенный
диагностика,Здоровье и медицина,повышенный
диспансеризация,Здоровье и медицина,повышенный
желтуха,Здоровье и медицина,повышенный
зрение,Здоровье и медицина,обычный
иммунитет,Здоровье и медицина,повышенный
имплант,Здоровье и медицина,повышенный
инфаркт,Здоровье и медицина,обычный
инсульт,Здоровье и медицина,обычный
инфекция,Здоровье и медицина,повышенный
кардиолог,Здоровье и медицина,обычный
кашель,Здоровье и медицина,обычный
клиника,Здоровье и медицина,обычный
костыли,Здоровье и медицина,обычный
лапароскопия,Здоровье и медицина,повышенный
лейкопластырь,Здоровье и медицина,обычный
лейкемия,Здоровье и медицина,повышенный
лечебная физкультура,Здоровье и медицина,повышенный
лор,Здоровье и медицина,повышенный
мигрень,Здоровье и медицина,обычный
наркоз,Здоровье и медицина,обычный
невроз,Здоровье и медицина,повышенный
ожирение,Здоровье и медицина,обычный
остеохондроз,Здоровье и медицина,повышенный
отит,Здоровье и медицина,повышенный
офтальмология,Здоровье и медицина,повышенный
панкреатит,Здоровье и медицина,повышенный
перелом,Здоровье и медицина,обычный
пластическая хирургия,Здоровье и медицина,повышенный
пневмония,Здоровье и медицина,повышенный
почки,Здоровье и медицина,обычный
психология,Здоровье и медицина,повышенный
психотерапия,Здоровье и медицина,повышенный
пульс,Здоровье и медицина,обычный
радикулит,Здоровье и медицина,обычный
рентген,Здоровье и медицина,обычный
рефлекс,Здоровье и медицина,обычный
рефлюкс,Здоровье и медицина,повышенный
сколиоз,Здоровье и медицина,обычный
спазм,Здоровье и медицина,обычный
стоматология,Здоровье и медицина,обычный
стентирование,Здоровье и медицина,повышенный
терапия,Здоровье и медицина,повышенный
тромбоз,Здоровье и медицина,повышенный
удаление зуба,Здоровье и медицина,обычный
ультразвук,Здоровье и медицина,повышенный
урология,Здоровье и медицина,повышенный
физиотерапия,Здоровье и медицина,повышенный
флюорография,Здоровье и медицина,повышенный
хирургия,Здоровье и медицина,повышенный
холецистит,Здоровье и медицина,повышенный
холестерин,Здоровье и медицина,повышенный
цирроз,Здоровье и медицина,повышенный
эпилепсия,Здоровье и медицина,обычный
язва желудка,Здоровье и медицина,обычный
Новый год,"Праздники, обычаи и традиции",обычный
Старый Новый год,"Праздники, обычаи и традиции",повышенный
Рождество,"Праздники, обычаи и традиции",обычный
Крещение,"Праздники, обычаи и традиции",обычный
Пасха,"Праздники, обычаи и традиции",повышенный
Вербное воскресенье,"Праздники, обычаи и традиции",повышенный
Троица,"Праздники, обычаи и традиции",обычный
Масленица,"Праздники, обычаи и традиции",повышенный
День Победы,"Праздники, обычаи и традиции",повышенный
День народного единства,"Праздники, обычаи и традиции",повышенный
Последний звонок,"Праздники, обычаи и традиции",обычный
Выпускной бал,"Праздники, обычаи и традиции",повышенный
День святого Валентина,"Праздники, обычаи и традиции",обычный
Хэллоуин,"Праздники, обычаи и традиции",обычный
День благодарения,"Праздники, обычаи и традиции",повышенный
Карнавал,"Праздники, обычаи и традиции",обычный
Октоберфест,"Праздники, обычаи и традиции",повышенный
День святого Патрика,"Праздники, обычаи и традиции",повышенный
Рамадан,"Праздники, обычаи и традиции",повышенный
Курбан-байрам,"Праздники, обычаи и традиции",повышенный
Ханука,"Праздники, обычаи и традиции",повышенный
День независимости,"Праздники, обычаи и традиции",повышенный
День конституции,"Праздники, обычаи и традиции",повышенный
День города,"Праздники, обычаи и традиции",повышенный
Именины,"Праздники, обычаи и традиции",обычный
обряд,"Праздники, обычаи и традиции",повышенный
Венчание,"Праздники, обычаи и традиции",повышенный
Сватовство,"Праздники, обычаи и традиции",повышенный
Крестины,"Праздники, обычаи и традиции",повышенный
юбилей,"Праздники, обычаи и традиции",обычный
Золотая свадьба,"Праздники, обычаи и традиции",повышенный
Серебряная свадьба,"Праздники, обычаи и традиции",повышенный
Девичник,"Праздники, обычаи и традиции",повышенный
Мальчишник,"Праздники, обычаи и традиции",повышенный
чаепитие,"Праздники, обычаи и традиции",обычный
подношения волхвов,"Праздники, обычаи и традиции",повышенный
хоровод,"Праздники, обычаи и традиции",обычный
Коляда,"Праздники, обычаи и традиции",повышенный
кулич,"Праздники, обычаи и традиции",повышенный
Крашеные яйца,"Праздники, обычаи и традиции",обычный
шествие,"Праздники, обычаи и традиции",повышенный
пикник,"Праздники, обычаи и традиции",обычный
Фейерверк,"Праздники, обычаи и традиции",обычный
Салют,"Праздники, обычаи и традиции",обычный
Парад,"Праздники, обычаи и традиции",повышенный
Традиция,"Праздники, обычаи и традиции",повышенный
заветное желание,"Праздники, обычаи и традиции",повышенный
бой курантов,"Праздники, обычаи и традиции",повышенный
елочные игрушки,"Праздники, обычаи и традиции",обычный
Рождественская ярмарка,"Праздники, обычаи и традиции",повышенный
8 Марта,"Праздники, обычаи и традиции",повышенный
День защитника Отечества,"Праздники, обычаи и традиции",повышенный
День космонавтики,"Праздники, обычаи и традиции",повышенный
Сабантуй,"Праздники, обычаи и традиции",повышенный
Праздничный тост,"Праздники, обычаи и традиции",повышенный
Хлеб-соль,"Праздники, обычаи и традиции",повышенный
Каравай,"Праздники, обычаи и традиции",повышенный
Поминальный обед,"Праздники, обычаи и традиции",повышенный
День всех святых,"Праздники, обычаи и традиции",повышенный
День семьи любви и верности,"Праздники, обычаи и традиции",повышенный
Праздничное застолье,"Праздники, обычаи и традиции",обычный
гадание,"Праздники, обычаи и традиции",повышенный
подарок,"Праздники, обычаи и традиции",обычный